{
  "metadata": {
    "name": "Fanqie",
    "author": "TuanHai03",
    "version": 1,
    "source": "https://fanqienovel.com",
    "regexp": "api.api-fanqienovel.sunianyun.live/info(.*?)|list.fqapi.jilulu.cn/info(.*?)|fanqienovel.com/page/(\\d+)\\?.*|fanqienovel.com/info(.*?)|sangtacviet.[a-z]{2,}/truyen/fanqie/1/(\\d+)\/?",
    "description": "Hỗ trợ đọc truyện bị gỡ trên fanqie",
    "locale": "zh_CN",
    "language": "javascript",
    "type": "chinese_novel"
  },
  "script": {
    "home": "home.js",
    "detail": "detail.js",
    "genre": "genre.js",
    "toc": "toc.js",
    "search": "search.js",
    "chap": "chap.js"
  }
}
