{
  "metadata": {
    "name": "Sáng Tác Việt",
    "author": "TuanHai03",
    "version": 1,
    "source": "https://sangtacviet.app/",
    "regexp": "(www.)?(sangtacviet).[a-z]+/truyen/[a-zA-Z0-9/-]+$",
    "description": "phải tạo http sever",
    "locale": "zh_CN",
    "language": "javascript",
    "type": "chinese_novel"
  },
  "script": {
    "home": "home.js",
    "genre": "genre.js",
        "search": "search.js",
    "detail": "detail.js",
    "toc": "toc.js",
    "chap": "chap.js"
  }
}