{
  "metadata": {
    "name": "69shuba",
    "author": "TuanHai03",
    "version": 5,
    "source": "https://www.69shu.biz",
    "regexp": "(www.)?(69shuba|69shu|69xinshu|69yuedu).[a-z]{2,}/(book|b|article)/*",
    "description": "Đọc truyện trên trang 69shuba.com, 69yuedu.net",
    "locale": "zh_CN",
    "language": "javascript",
    "type": "chinese_novel"
  },
  "script": {
    "home": "home.js",
    "detail": "detail.js",
    "toc": "toc.js",
    "chap": "chap.js",
    "genre": "genre.js",
    "search": "search.js"
  }
}